<?xml version="1.0" encoding="UTF-8"?>
<window>
    <coordinates>
        <left>635</left>
        <top>180</top>
    </coordinates>
    <controls>
        <control type="group">
            <control type="image">
                <description>Background Image</description>
                <posx>0</posx>
                <posy>0</posy>
                <width>800</width>
                <height>720</height>
                <texture border="2">Background/loguploader-dialog-bg.png</texture>
            </control>
            <control type="image">
                <description>Dialog Header image</description>
                <posx>0</posx>
                <posy>0</posy>
                <width>800</width>
                <height>50</height>
                <texture colordiffuse="orange" border="2">Background/loguploader-white.png</texture>
            </control>
            <control type="label" id="101">
                <description>header label</description>
                <posx>0</posx>
                <posy>0</posy>
                <width>800</width>
                <height>50</height>
                
                <label></label>
                <align>center</align>
                <aligny>center</aligny>
                <shadowcolor>FF000000</shadowcolor>
            </control>
            <control type="textbox" id="102">
                <left>60</left>
                <top>60</top>
                <width>610</width>
                <height>80</height>
                
                <align>right</align>
                <aligny>top</aligny>
                <label>לאחר ההתקנה יש לסמן שמירת סיסמאות</label>
            </control>
        </control>
        <control type="grouplist" id="9000">
            <left>20</left>
            <top>140</top>
            <width>850</width>
            <height>520</height>
            <itemgap>3</itemgap>
            <align>top</align>
            <orientation>vertical</orientation>
            <onup>201</onup>
            <ondown>201</ondown>
            <onleft>201</onleft>
            <onright>201</onright>
			
			    <control type="radiobutton" id="382">
                <width>780</width>
                <height>40</height>
                <textwidth>600</textwidth>
                <textoffsetx>10</textoffsetx>
                <radioheight>45</radioheight>
                <radioposx>-5</radioposx>
				<align>right</align>
                <label>שמירת תמונות שירדו (מומלץ)</label>
                <font>font12</font>
                <texturefocus colordiffuse="orange">RadioButton/MenuItemFO.png</texturefocus>
                <texturenofocus>RadioButton/MenuItemNF.png</texturenofocus>
                <textureradioonfocus colordiffuse="orange">RadioButton/radiobutton-focus.png</textureradioonfocus>
                <textureradioonnofocus colordiffuse="orange">RadioButton/radiobutton-focus.png</textureradioonnofocus>
                <textureradioofffocus colordiffuse="orange">RadioButton/radiobutton-focus.png</textureradioofffocus>
                <textureradiooffnofocus>RadioButton/radiobutton-nofocus.png</textureradiooffnofocus>
            </control>
			    <control type="radiobutton" id="350">
                <width>780</width>
                <height>40</height>
                <textwidth>600</textwidth>
                <textoffsetx>10</textoffsetx>
                <radioheight>45</radioheight>
                <radioposx>-5</radioposx>
				<align>right</align>
                <label>התקנת קיר סרטים אנונימוס</label>
                <font>font12</font>
                <texturefocus colordiffuse="orange">RadioButton/MenuItemFO.png</texturefocus>
                <texturenofocus>RadioButton/MenuItemNF.png</texturenofocus>
                <textureradioonfocus colordiffuse="orange">RadioButton/radiobutton-focus.png</textureradioonfocus>
                <textureradioonnofocus colordiffuse="orange">RadioButton/radiobutton-focus.png</textureradioonnofocus>
                <textureradioofffocus colordiffuse="orange">RadioButton/radiobutton-focus.png</textureradioofffocus>
                <textureradiooffnofocus>RadioButton/radiobutton-nofocus.png</textureradiooffnofocus>
            </control>
			<control type="radiobutton" id="383">
                <width>780</width>
                <height>40</height>
                <textwidth>600</textwidth>
                <textoffsetx>10</textoffsetx>
                <radioheight>45</radioheight>
                <radioposx>-5</radioposx>
				<align>right</align>
                <label>שמירת הרחבות שהתקנתי</label>
                <font>font12</font>
                <texturefocus colordiffuse="orange">RadioButton/MenuItemFO.png</texturefocus>
                <texturenofocus>RadioButton/MenuItemNF.png</texturenofocus>
                <textureradioonfocus colordiffuse="orange">RadioButton/radiobutton-focus.png</textureradioonfocus>
                <textureradioonnofocus colordiffuse="orange">RadioButton/radiobutton-focus.png</textureradioonnofocus>
                <textureradioofffocus colordiffuse="orange">RadioButton/radiobutton-focus.png</textureradioofffocus>
                <textureradiooffnofocus>RadioButton/radiobutton-nofocus.png</textureradiooffnofocus>
            </control>
			<!-- <control type="radiobutton" id="380">
                <width>780</width>
                <height>40</height>
                <textwidth>600</textwidth>
                <textoffsetx>10</textoffsetx>
                <radioheight>45</radioheight>
                <radioposx>-5</radioposx>
				<align>right</align>
                <label>התקנת סקין פנומנל</label>
                <font>font12</font>
                <texturefocus colordiffuse="orange">RadioButton/MenuItemFO.png</texturefocus>
                <texturenofocus>RadioButton/MenuItemNF.png</texturenofocus>
                <textureradioonfocus colordiffuse="orange">RadioButton/radiobutton-focus.png</textureradioonfocus>
                <textureradioonnofocus colordiffuse="orange">RadioButton/radiobutton-focus.png</textureradioonnofocus>
                <textureradioofffocus colordiffuse="orange">RadioButton/radiobutton-focus.png</textureradioofffocus>
                <textureradiooffnofocus>RadioButton/radiobutton-nofocus.png</textureradiooffnofocus>
            </control>-->
			
				<!-- <control type="radiobutton" id="381">
                <width>780</width>
                <height>40</height>
                <textwidth>600</textwidth>
                <textoffsetx>10</textoffsetx>
                <radioheight>45</radioheight>
                <radioposx>-5</radioposx>
				<align>right</align>
                <label>התקנת סקין טיטאן</label>
                <font>font12</font>
                <texturefocus colordiffuse="orange">RadioButton/MenuItemFO.png</texturefocus>
                <texturenofocus>RadioButton/MenuItemNF.png</texturenofocus>
                <textureradioonfocus colordiffuse="orange">RadioButton/radiobutton-focus.png</textureradioonfocus>
                <textureradioonnofocus colordiffuse="orange">RadioButton/radiobutton-focus.png</textureradioonnofocus>
                <textureradioofffocus colordiffuse="orange">RadioButton/radiobutton-focus.png</textureradioofffocus>
                <textureradiooffnofocus>RadioButton/radiobutton-nofocus.png</textureradiooffnofocus>
            </control>-->
			
			<control type="radiobutton" id="353">
                <width>780</width>
                <height>40</height>
                <textwidth>600</textwidth>
                <textoffsetx>10</textoffsetx>
                <radioheight>45</radioheight>
                <radioposx>-5</radioposx>
				<align>right</align>
                <label>שמירת סיסמאות, חשבונות, מיקומי הורדות</label>
                <font>font12</font>
                <texturefocus colordiffuse="orange">RadioButton/MenuItemFO.png</texturefocus>
                <texturenofocus>RadioButton/MenuItemNF.png</texturenofocus>
                <textureradioonfocus colordiffuse="orange">RadioButton/radiobutton-focus.png</textureradioonfocus>
                <textureradioonnofocus colordiffuse="orange">RadioButton/radiobutton-focus.png</textureradioonnofocus>
                <textureradioofffocus colordiffuse="orange">RadioButton/radiobutton-focus.png</textureradioofffocus>
                <textureradiooffnofocus>RadioButton/radiobutton-nofocus.png</textureradiooffnofocus>
            </control>
             <control type="radiobutton" id="355">
                <width>780</width>
                <height>40</height>
                <textwidth>600</textwidth>
                <textoffsetx>10</textoffsetx>
                <radioheight>45</radioheight>
                <radioposx>-5</radioposx>
				<align>right</align>
                <label>שמירת ספריית סרטים וסדרות</label>
                <font>font12</font>
                <texturefocus colordiffuse="orange">RadioButton/MenuItemFO.png</texturefocus>
                <texturenofocus>RadioButton/MenuItemNF.png</texturenofocus>
                <textureradioonfocus colordiffuse="orange">RadioButton/radiobutton-focus.png</textureradioonfocus>
                <textureradioonnofocus colordiffuse="orange">RadioButton/radiobutton-focus.png</textureradioonnofocus>
                <textureradioofffocus colordiffuse="orange">RadioButton/radiobutton-focus.png</textureradioofffocus>
                <textureradiooffnofocus>RadioButton/radiobutton-nofocus.png</textureradiooffnofocus>
            </control>
			<control type="radiobutton" id="310">
                <width>780</width>
                <height>40</height>
                <textwidth>600</textwidth>
                <textoffsetx>10</textoffsetx>
                <radioheight>45</radioheight>
                <radioposx>-5</radioposx>
				<align>right</align>
                <label>שמירת הרחבות - יש להיכנס להגדרות ולבחור הרחבה לשמירה</label>
                <font>font12</font>
                <texturefocus colordiffuse="orange">RadioButton/MenuItemFO.png</texturefocus>
                <texturenofocus>RadioButton/MenuItemNF.png</texturenofocus>
                <textureradioonfocus colordiffuse="orange">RadioButton/radiobutton-focus.png</textureradioonfocus>
                <textureradioonnofocus colordiffuse="orange">RadioButton/radiobutton-focus.png</textureradioonnofocus>
                <textureradioofffocus colordiffuse="orange">RadioButton/radiobutton-focus.png</textureradioofffocus>
                <textureradiooffnofocus>RadioButton/radiobutton-nofocus.png</textureradiooffnofocus>
            </control>
			  <control type="radiobutton" id="401">
                <width>780</width>
                <height>40</height>
                <textwidth>600</textwidth>
                <textoffsetx>10</textoffsetx>
                <radioheight>45</radioheight>
                <radioposx>-5</radioposx>
				<align>right</align>
                <label>שמירת פלייליסט לאודר</label>
                <font>font12</font>
                <texturefocus colordiffuse="orange">RadioButton/MenuItemFO.png</texturefocus>
                <texturenofocus>RadioButton/MenuItemNF.png</texturenofocus>
                <textureradioonfocus colordiffuse="orange">RadioButton/radiobutton-focus.png</textureradioonfocus>
                <textureradioonnofocus colordiffuse="orange">RadioButton/radiobutton-focus.png</textureradioonnofocus>
                <textureradioofffocus colordiffuse="orange">RadioButton/radiobutton-focus.png</textureradioofffocus>
                <textureradiooffnofocus>RadioButton/radiobutton-nofocus.png</textureradiooffnofocus>
            </control>
			<control type="radiobutton" id="304">
                <width>780</width>
                <height>40</height>
                <textwidth>600</textwidth>
                <textoffsetx>10</textoffsetx>
                <radioheight>45</radioheight>
                <radioposx>-5</radioposx>
				<align>right</align>
                <label>שמירת מקורות וידאו</label>
                <font>font12</font>
                <texturefocus colordiffuse="orange">RadioButton/MenuItemFO.png</texturefocus>
                <texturenofocus>RadioButton/MenuItemNF.png</texturenofocus>
                <textureradioonfocus colordiffuse="orange">RadioButton/radiobutton-focus.png</textureradioonfocus>
                <textureradioonnofocus colordiffuse="orange">RadioButton/radiobutton-focus.png</textureradioonnofocus>
                <textureradioofffocus colordiffuse="orange">RadioButton/radiobutton-focus.png</textureradioofffocus>
                <textureradiooffnofocus>RadioButton/radiobutton-nofocus.png</textureradiooffnofocus>
            </control>
			<control type="radiobutton" id="356">
                <width>780</width>
                <height>40</height>
                <textwidth>600</textwidth>
                <textoffsetx>10</textoffsetx>
                <radioheight>45</radioheight>
                <radioposx>-5</radioposx>
				<align>right</align>
                <label>שמירת הגדרות בסקין: צבעים\תצוגות ועוד</label>
                <font>font12</font>
                <texturefocus colordiffuse="orange">RadioButton/MenuItemFO.png</texturefocus>
                <texturenofocus>RadioButton/MenuItemNF.png</texturenofocus>
                <textureradioonfocus colordiffuse="orange">RadioButton/radiobutton-focus.png</textureradioonfocus>
                <textureradioonnofocus colordiffuse="orange">RadioButton/radiobutton-focus.png</textureradioonnofocus>
                <textureradioofffocus colordiffuse="orange">RadioButton/radiobutton-focus.png</textureradioofffocus>
                <textureradiooffnofocus>RadioButton/radiobutton-nofocus.png</textureradiooffnofocus>
            </control>
            <control type="radiobutton" id="300">
                <width>780</width>
                <height>40</height>
                <textwidth>600</textwidth>
                <textoffsetx>10</textoffsetx>
                <radioheight>45</radioheight>
                <radioposx>-5</radioposx>
				<align>right</align>
                <label>שמירת אריחים בסקין</label>
                <font>font12</font>
                <texturefocus colordiffuse="orange">RadioButton/MenuItemFO.png</texturefocus>
                <texturenofocus>RadioButton/MenuItemNF.png</texturenofocus>
                <textureradioonfocus colordiffuse="orange">RadioButton/radiobutton-focus.png</textureradioonfocus>
                <textureradioonnofocus colordiffuse="orange">RadioButton/radiobutton-focus.png</textureradioonnofocus>
                <textureradioofffocus colordiffuse="orange">RadioButton/radiobutton-focus.png</textureradioofffocus>
                <textureradiooffnofocus>RadioButton/radiobutton-nofocus.png</textureradiooffnofocus>
            </control>
             <control type="radiobutton" id="357">
                <width>780</width>
                <height>40</height>
                <textwidth>600</textwidth>
                <textoffsetx>10</textoffsetx>
                <radioheight>45</radioheight>
                <radioposx>-5</radioposx>
				<align>right</align>
                <label>שמירת הגדרות סאונד ורזולוציה</label>
                <font>font12</font>
                <texturefocus colordiffuse="orange">RadioButton/MenuItemFO.png</texturefocus>
                <texturenofocus>RadioButton/MenuItemNF.png</texturenofocus>
                <textureradioonfocus colordiffuse="orange">RadioButton/radiobutton-focus.png</textureradioonfocus>
                <textureradioonnofocus colordiffuse="orange">RadioButton/radiobutton-focus.png</textureradioonnofocus>
                <textureradioofffocus colordiffuse="orange">RadioButton/radiobutton-focus.png</textureradioofffocus>
                <textureradiooffnofocus>RadioButton/radiobutton-nofocus.png</textureradiooffnofocus>
            </control>
            <control type="radiobutton" id="351">
                <width>780</width>
                <height>40</height>
                <textwidth>600</textwidth>
                <textoffsetx>10</textoffsetx>
                <radioheight>45</radioheight>
                <radioposx>-5</radioposx>
				<align>right</align>
                <label>שמירת לקוח טלויזיה חיה</label>
                <font>font12</font>
                <texturefocus colordiffuse="orange">RadioButton/MenuItemFO.png</texturefocus>
                <texturenofocus>RadioButton/MenuItemNF.png</texturenofocus>
                <textureradioonfocus colordiffuse="orange">RadioButton/radiobutton-focus.png</textureradioonfocus>
                <textureradioonnofocus colordiffuse="orange">RadioButton/radiobutton-focus.png</textureradioonnofocus>
                <textureradioofffocus colordiffuse="orange">RadioButton/radiobutton-focus.png</textureradioofffocus>
                <textureradiooffnofocus>RadioButton/radiobutton-nofocus.png</textureradiooffnofocus>
            </control>
            <!-- <control type="radiobutton" id="301">
                <width>780</width>
                <height>40</height>
                <textwidth>600</textwidth>
                <textoffsetx>10</textoffsetx>
                <radioheight>45</radioheight>
                <radioposx>-5</radioposx>
				<align>right</align>
                <label>שמירת חשבון טראקט</label>
                <font>font12</font>
                <texturefocus colordiffuse="orange">RadioButton/MenuItemFO.png</texturefocus>
                <texturenofocus>RadioButton/MenuItemNF.png</texturenofocus>
                <textureradioonfocus colordiffuse="orange">RadioButton/radiobutton-focus.png</textureradioonfocus>
                <textureradioonnofocus colordiffuse="orange">RadioButton/radiobutton-focus.png</textureradioonnofocus>
                <textureradioofffocus colordiffuse="orange">RadioButton/radiobutton-focus.png</textureradioofffocus>
                <textureradiooffnofocus>RadioButton/radiobutton-nofocus.png</textureradiooffnofocus>
            </control>--> 
            <control type="radiobutton" id="302">
                <width>780</width>
                <height>40</height>
                <textwidth>600</textwidth>
                <textoffsetx>10</textoffsetx>
                <radioheight>45</radioheight>
                <radioposx>-5</radioposx>
				<align>right</align>
                <label>שמירת חשבון רילדבריד</label>
                <font>font12</font>
                <texturefocus colordiffuse="orange">RadioButton/MenuItemFO.png</texturefocus>
                <texturenofocus>RadioButton/MenuItemNF.png</texturenofocus>
                <textureradioonfocus colordiffuse="orange">RadioButton/radiobutton-focus.png</textureradioonfocus>
                <textureradioonnofocus colordiffuse="orange">RadioButton/radiobutton-focus.png</textureradioonnofocus>
                <textureradioofffocus colordiffuse="orange">RadioButton/radiobutton-focus.png</textureradioofffocus>
                <textureradiooffnofocus>RadioButton/radiobutton-nofocus.png</textureradiooffnofocus>
            </control>
            <!-- <control type="radiobutton" id="303">
                <width>780</width>
                <height>40</height>
                <textwidth>600</textwidth>
                <textoffsetx>10</textoffsetx>
                <radioheight>45</radioheight>
                <radioposx>-5</radioposx>
				<align>right</align>
                <label>שמירת הגדרות כניסה</label>
                <font>font12</font>
                <texturefocus colordiffuse="orange">RadioButton/MenuItemFO.png</texturefocus>
                <texturenofocus>RadioButton/MenuItemNF.png</texturenofocus>
                <textureradioonfocus colordiffuse="orange">RadioButton/radiobutton-focus.png</textureradioonfocus>
                <textureradioonnofocus colordiffuse="orange">RadioButton/radiobutton-focus.png</textureradioonnofocus>
                <textureradioofffocus colordiffuse="orange">RadioButton/radiobutton-focus.png</textureradioofffocus>
                <textureradiooffnofocus>RadioButton/radiobutton-nofocus.png</textureradiooffnofocus>
            </control>-->
            <!-- <control type="radiobutton" id="305">
                <width>780</width>
                <height>40</height>
                <textwidth>600</textwidth>
                <textoffsetx>10</textoffsetx>
                <radioheight>45</radioheight>
                <radioposx>-5</radioposx>
				<align>right</align>
                <label>שמירת פרופילים</label>
                <font>font12</font>
                <texturefocus colordiffuse="orange">RadioButton/MenuItemFO.png</texturefocus>
                <texturenofocus>RadioButton/MenuItemNF.png</texturenofocus>
                <textureradioonfocus colordiffuse="orange">RadioButton/radiobutton-focus.png</textureradioonfocus>
                <textureradioonnofocus colordiffuse="orange">RadioButton/radiobutton-focus.png</textureradioonnofocus>
                <textureradioofffocus colordiffuse="orange">RadioButton/radiobutton-focus.png</textureradioofffocus>
                <textureradiooffnofocus>RadioButton/radiobutton-nofocus.png</textureradiooffnofocus>
            </control>--> 
            <control type="radiobutton" id="306">
                <width>780</width>
                <height>40</height>
                <textwidth>600</textwidth>
                <textoffsetx>10</textoffsetx>
                <radioheight>45</radioheight>
                <radioposx>-5</radioposx>
				<align>right</align>
                <label>שמירת הגדרות באפר</label>
                <font>font12</font>
                <texturefocus colordiffuse="orange">RadioButton/MenuItemFO.png</texturefocus>
                <texturenofocus>RadioButton/MenuItemNF.png</texturenofocus>
                <textureradioonfocus colordiffuse="orange">RadioButton/radiobutton-focus.png</textureradioonfocus>
                <textureradioonnofocus colordiffuse="orange">RadioButton/radiobutton-focus.png</textureradioonnofocus>
                <textureradioofffocus colordiffuse="orange">RadioButton/radiobutton-focus.png</textureradioofffocus>
                <textureradiooffnofocus>RadioButton/radiobutton-nofocus.png</textureradiooffnofocus>
            </control>
            <control type="radiobutton" id="307">
                <width>780</width>
                <height>40</height>
                <textwidth>600</textwidth>
                <textoffsetx>10</textoffsetx>
                <radioheight>45</radioheight>
                <radioposx>-5</radioposx>
				<align>right</align>
                <label>שמירת מועדפים</label>
                <font>font12</font>
                <texturefocus colordiffuse="orange">RadioButton/MenuItemFO.png</texturefocus>
                <texturenofocus>RadioButton/MenuItemNF.png</texturenofocus>
                <textureradioonfocus colordiffuse="orange">RadioButton/radiobutton-focus.png</textureradioonfocus>
                <textureradioonnofocus colordiffuse="orange">RadioButton/radiobutton-focus.png</textureradioonnofocus>
                <textureradioofffocus colordiffuse="orange">RadioButton/radiobutton-focus.png</textureradioofffocus>
                <textureradiooffnofocus>RadioButton/radiobutton-nofocus.png</textureradiooffnofocus>
            </control>
            <control type="radiobutton" id="309">
                <width>780</width>
                <height>40</height>
                <textwidth>600</textwidth>
                <textoffsetx>10</textoffsetx>
                <radioheight>45</radioheight>
                <radioposx>-5</radioposx>
				<align>right</align>
                <label>שמירת סופר מועדפים</label>
                <font>font12</font>
                <texturefocus colordiffuse="orange">RadioButton/MenuItemFO.png</texturefocus>
                <texturenofocus>RadioButton/MenuItemNF.png</texturenofocus>
                <textureradioonfocus colordiffuse="orange">RadioButton/radiobutton-focus.png</textureradioonfocus>
                <textureradioonnofocus colordiffuse="orange">RadioButton/radiobutton-focus.png</textureradioonnofocus>
                <textureradioofffocus colordiffuse="orange">RadioButton/radiobutton-focus.png</textureradioofffocus>
                <textureradiooffnofocus>RadioButton/radiobutton-nofocus.png</textureradiooffnofocus>
            </control>
            <control type="radiobutton" id="308">
                <width>780</width>
                <height>40</height>
                <textwidth>600</textwidth>
                <textoffsetx>10</textoffsetx>
                <radioheight>45</radioheight>
                <radioposx>-5</radioposx>
				<align>right</align>
                <label>שמירת רפו</label>
                <font>font12</font>
                <texturefocus colordiffuse="orange">RadioButton/MenuItemFO.png</texturefocus>
                <texturenofocus>RadioButton/MenuItemNF.png</texturenofocus>
                <textureradioonfocus colordiffuse="orange">RadioButton/radiobutton-focus.png</textureradioonfocus>
                <textureradioonnofocus colordiffuse="orange">RadioButton/radiobutton-focus.png</textureradioonnofocus>
                <textureradioofffocus colordiffuse="orange">RadioButton/radiobutton-focus.png</textureradioofffocus>
                <textureradiooffnofocus>RadioButton/radiobutton-nofocus.png</textureradiooffnofocus>
            </control>
            <!-- <control type="radiobutton" id="311">
                <width>780</width>
                <height>40</height>
                <textwidth>600</textwidth>
                <textoffsetx>10</textoffsetx>
                <radioheight>45</radioheight>
                <radioposx>-5</radioposx>
				<align>right</align>
                <label>ניקוי קאש בהפעלה</label>
                <font>font12</font>
                <texturefocus colordiffuse="orange">RadioButton/MenuItemFO.png</texturefocus>
                <texturenofocus>RadioButton/MenuItemNF.png</texturenofocus>
                <textureradioonfocus colordiffuse="orange">RadioButton/radiobutton-focus.png</textureradioonfocus>
                <textureradioonnofocus colordiffuse="orange">RadioButton/radiobutton-focus.png</textureradioonnofocus>
                <textureradioofffocus colordiffuse="orange">RadioButton/radiobutton-focus.png</textureradioofffocus>
                <textureradiooffnofocus>RadioButton/radiobutton-nofocus.png</textureradiooffnofocus>
            </control>-->
            <!-- <control type="radiobutton" id="312">
                <width>780</width>
                <height>40</height>
                <textwidth>600</textwidth>
                <textoffsetx>10</textoffsetx>
                <radioheight>45</radioheight>
                <radioposx>-5</radioposx>
				<align>right</align>
                <label>ניקוי חבילות בהפעלה</label>
                <font>font12</font>
                <texturefocus colordiffuse="orange">RadioButton/MenuItemFO.png</texturefocus>
                <texturenofocus>RadioButton/MenuItemNF.png</texturenofocus>
                <textureradioonfocus colordiffuse="orange">RadioButton/radiobutton-focus.png</textureradioonfocus>
                <textureradioonnofocus colordiffuse="orange">RadioButton/radiobutton-focus.png</textureradioonnofocus>
                <textureradioofffocus colordiffuse="orange">RadioButton/radiobutton-focus.png</textureradioofffocus>
                <textureradiooffnofocus>RadioButton/radiobutton-nofocus.png</textureradiooffnofocus>
            </control>--> 
            <!-- <control type="radiobutton" id="313">
                <width>780</width>
                <height>40</height>
                <textwidth>600</textwidth>
                <textoffsetx>10</textoffsetx>
                <radioheight>45</radioheight>
                <radioposx>-5</radioposx>
				<align>right</align>
                <label>ניקוי תמונות ישנות בהפעלה</label>
                <font>font12</font>
                <texturefocus colordiffuse="orange">RadioButton/MenuItemFO.png</texturefocus>
                <texturenofocus>RadioButton/MenuItemNF.png</texturenofocus>
                <textureradioonfocus colordiffuse="orange">RadioButton/radiobutton-focus.png</textureradioonfocus>
                <textureradioonnofocus colordiffuse="orange">RadioButton/radiobutton-focus.png</textureradioonnofocus>
                <textureradioofffocus colordiffuse="orange">RadioButton/radiobutton-focus.png</textureradioofffocus>
                <textureradiooffnofocus>RadioButton/radiobutton-nofocus.png</textureradiooffnofocus>
            </control>-->
        </control>
        <control type="group" id="9001">
            <control type="button" id="201">
                <left>50</left>
                <top>650</top>
                <width>300</width>
                <height>90</height>
                <font>font13</font>
                <textcolor>FFF0F0F0</textcolor>
                <label>המשך להתקנה</label>
                <align>center</align>
                <aligny>center</aligny>
                <onup>9000</onup>
                <ondown>9000</ondown>
                <texturefocus border="40" colordiffuse="orange">Button/loguploader-dialogbutton-fo.png</texturefocus>
                <texturenofocus border="40">Button/loguploader-dialogbutton-nofo.png</texturenofocus>
            </control>
        </control>
    </controls>
</window>
