<?xml version="1.0" encoding="UTF-8" standalone="yes"?>
<addon id="plugin.video.kodikaraoke" name="Kodi Karaoke Lite" version="0.0.3" provider-name="Kodi Karaoke">
  <requires>
    <import addon="xbmc.python" version="2.1.0"/>
    <import addon="plugin.video.youtube" version="0.0.1"/>
  </requires>
  <extension point="xbmc.python.pluginsource" library="default.py">
        <provides>video</provides>
  </extension>
  <extension point="xbmc.addon.metadata">
    <summary lang="en">Play Karaoke Videos from KODIKARAOKE.COM</summary>
    <description lang="en">Play Karaoke Videos from KODIKARAOKE.COM</description>
    <platform>all</platform>
  </extension>
</addon>
